"nameWithOwner","releases"
"freeCodeCamp/freeCodeCamp","{""totalCount"":0}"
"996icu/996.ICU","{""totalCount"":0}"
"vuejs/vue","{""totalCount"":208}"
"EbookFoundation/free-programming-books","{""totalCount"":0}"
"facebook/react","{""totalCount"":90}"
"tensorflow/tensorflow","{""totalCount"":112}"
"twbs/bootstrap","{""totalCount"":61}"
"sindresorhus/awesome","{""totalCount"":0}"
"jwasham/coding-interview-university","{""totalCount"":0}"
"getify/You-Dont-Know-JS","{""totalCount"":0}"
"kamranahmedse/developer-roadmap","{""totalCount"":3}"
"ohmyzsh/ohmyzsh","{""totalCount"":0}"
"CyC2018/CS-Notes","{""totalCount"":0}"
"donnemartin/system-design-primer","{""totalCount"":0}"
"microsoft/vscode","{""totalCount"":15}"
"airbnb/javascript","{""totalCount"":0}"
"torvalds/linux","{""totalCount"":0}"
"public-apis/public-apis","{""totalCount"":0}"
"d3/d3","{""totalCount"":158}"
"jackfrued/Python-100-Days","{""totalCount"":0}"
"facebook/react-native","{""totalCount"":147}"
"Snailclimb/JavaGuide","{""totalCount"":0}"
"vinta/awesome-python","{""totalCount"":0}"
"electron/electron","{""totalCount"":618}"
"TheAlgorithms/Python","{""totalCount"":0}"
"danistefanovic/build-your-own-x","{""totalCount"":0}"
"facebook/create-react-app","{""totalCount"":74}"
"trekhleb/javascript-algorithms","{""totalCount"":0}"
"jlevy/the-art-of-command-line","{""totalCount"":0}"
"axios/axios","{""totalCount"":24}"
"golang/go","{""totalCount"":0}"
"nodejs/node","{""totalCount"":179}"
"ytdl-org/youtube-dl","{""totalCount"":300}"
"kubernetes/kubernetes","{""totalCount"":419}"
"justjavac/free-programming-books-zh_CN","{""totalCount"":3}"
"animate-css/animate.css","{""totalCount"":22}"
"microsoft/terminal","{""totalCount"":34}"
"denoland/deno","{""totalCount"":100}"
"tensorflow/models","{""totalCount"":13}"
"angular/angular","{""totalCount"":0}"
"ossu/computer-science","{""totalCount"":0}"
"puppeteer/puppeteer","{""totalCount"":51}"
"microsoft/TypeScript","{""totalCount"":107}"
"FortAwesome/Font-Awesome","{""totalCount"":38}"
"mrdoob/three.js","{""totalCount"":112}"
"ant-design/ant-design","{""totalCount"":363}"
"labuladong/fucking-algorithm","{""totalCount"":0}"
"30-seconds/30-seconds-of-code","{""totalCount"":4}"
"laravel/laravel","{""totalCount"":40}"
"mui-org/material-ui","{""totalCount"":273}"
"iluwatar/java-design-patterns","{""totalCount"":0}"
"PanJiaChen/vue-element-admin","{""totalCount"":49}"
"angular/angular.js","{""totalCount"":0}"
"MisterBooo/LeetCodeAnimation","{""totalCount"":0}"
"moby/moby","{""totalCount"":85}"
"avelino/awesome-go","{""totalCount"":0}"
"vuejs/awesome-vue","{""totalCount"":0}"
"webpack/webpack","{""totalCount"":234}"
"nvbn/thefuck","{""totalCount"":15}"
"reduxjs/redux","{""totalCount"":61}"
"jquery/jquery","{""totalCount"":1}"
"apple/swift","{""totalCount"":27}"
"storybookjs/storybook","{""totalCount"":592}"
"hakimel/reveal.js","{""totalCount"":31}"
"atom/atom","{""totalCount"":520}"
"goldbergyoni/nodebestpractices","{""totalCount"":0}"
"pallets/flask","{""totalCount"":10}"
"elastic/elasticsearch","{""totalCount"":32}"
"socketio/socket.io","{""totalCount"":18}"
"tonsky/FiraCode","{""totalCount"":26}"
"spring-projects/spring-boot","{""totalCount"":66}"
"shadowsocks/shadowsocks-windows","{""totalCount"":47}"
"chartjs/Chart.js","{""totalCount"":46}"
"expressjs/express","{""totalCount"":141}"
"keras-team/keras","{""totalCount"":23}"
"typicode/json-server","{""totalCount"":7}"
"chrislgarry/Apollo-11","{""totalCount"":0}"
"awesome-selfhosted/awesome-selfhosted","{""totalCount"":0}"
"netdata/netdata","{""totalCount"":37}"
"opencv/opencv","{""totalCount"":46}"
"rust-lang/rust","{""totalCount"":80}"
"adam-p/markdown-here","{""totalCount"":11}"
"httpie/httpie","{""totalCount"":34}"
"kdn251/interviews","{""totalCount"":0}"
"xingshaocheng/architect-awesome","{""totalCount"":0}"
"doocs/advanced-java","{""totalCount"":0}"
"ElemeFE/element","{""totalCount"":128}"
"gatsbyjs/gatsby","{""totalCount"":74}"
"gothinkster/realworld","{""totalCount"":0}"
"h5bp/html5-boilerplate","{""totalCount"":32}"
"gohugoio/hugo","{""totalCount"":136}"
"josephmisiti/awesome-machine-learning","{""totalCount"":0}"
"lodash/lodash","{""totalCount"":2}"
"rails/rails","{""totalCount"":26}"
"resume/resume.github.com","{""totalCount"":0}"
"h5bp/Front-end-Developer-Interview-Questions","{""totalCount"":0}"
"redis/redis","{""totalCount"":3}"
"bitcoin/bitcoin","{""totalCount"":33}"
"yangshun/tech-interview-handbook","{""totalCount"":0}"
"moment/moment","{""totalCount"":0}""nameWithOwner","releases"
"h5bp/Front-end-Developer-Interview-Questions","{""totalCount"":0}"
"redis/redis","{""totalCount"":3}"
"bitcoin/bitcoin","{""totalCount"":33}"
"yangshun/tech-interview-handbook","{""totalCount"":0}"
"moment/moment","{""totalCount"":0}"
"ansible/ansible","{""totalCount"":3}"
"nvm-sh/nvm","{""totalCount"":53}"
"protocolbuffers/protobuf","{""totalCount"":56}"
"psf/requests","{""totalCount"":0}"
"kelseyhightower/nocode","{""totalCount"":1}"
"ReactiveX/RxJava","{""totalCount"":200}"
"papers-we-love/papers-we-love","{""totalCount"":0}"
"apache/incubator-echarts","{""totalCount"":75}"
"thedaviddias/Front-End-Checklist","{""totalCount"":1}"
"mtdvio/every-programmer-should-know","{""totalCount"":0}"
"scikit-learn/scikit-learn","{""totalCount"":20}"
"meteor/meteor","{""totalCount"":0}"
"pytorch/pytorch","{""totalCount"":28}"
"ionic-team/ionic-framework","{""totalCount"":210}"
"gin-gonic/gin","{""totalCount"":13}"
"ReactTraining/react-router","{""totalCount"":153}"
"jekyll/jekyll","{""totalCount"":98}"
"jgthms/bulma","{""totalCount"":13}"
"google/material-design-icons","{""totalCount"":16}"
"macrozheng/mall","{""totalCount"":1}"
"awesomedata/awesome-public-datasets","{""totalCount"":0}"
"scutan90/DeepLearning-500-questions","{""totalCount"":0}"
"necolas/normalize.css","{""totalCount"":0}"
"Hack-with-Github/Awesome-Hacking","{""totalCount"":0}"
"NARKOZ/hacker-scripts","{""totalCount"":0}"
"spring-projects/spring-framework","{""totalCount"":188}"
"ryanmcdermott/clean-code-javascript","{""totalCount"":0}"
"jaywcjlove/awesome-mac","{""totalCount"":0}"
"enaqx/awesome-react","{""totalCount"":0}"
"fatedier/frp","{""totalCount"":54}"
"yarnpkg/yarn","{""totalCount"":140}"
"aymericdamien/TensorFlow-Examples","{""totalCount"":0}"
"wasabeef/awesome-android-ui","{""totalCount"":0}"
"google/guava","{""totalCount"":29}"
"ripienaar/free-for-dev","{""totalCount"":0}"
"neovim/neovim","{""totalCount"":21}"
"scrapy/scrapy","{""totalCount"":17}"
"square/okhttp","{""totalCount"":0}"
"sindresorhus/awesome-nodejs","{""totalCount"":0}"
"Dogfalo/materialize","{""totalCount"":41}"
"minimaxir/big-list-of-naughty-strings","{""totalCount"":0}"
"prettier/prettier","{""totalCount"":70}"
"babel/babel","{""totalCount"":217}"
"serverless/serverless","{""totalCount"":188}"
"Genymobile/scrcpy","{""totalCount"":20}"
"android/architecture-samples","{""totalCount"":0}"
"tuvtran/project-based-learning","{""totalCount"":0}"
"nwjs/nw.js","{""totalCount"":0}"
"grafana/grafana","{""totalCount"":189}"
"microsoft/PowerToys","{""totalCount"":21}"
"sveltejs/svelte","{""totalCount"":0}"
"juliangarnier/anime","{""totalCount"":13}"
"FreeCodeCampChina/freecodecamp.cn","{""totalCount"":0}"
"parcel-bundler/parcel","{""totalCount"":1}"
"square/retrofit","{""totalCount"":27}"
"azl397985856/leetcode","{""totalCount"":23}"
"tesseract-ocr/tesseract","{""totalCount"":8}"
"ageitgey/face_recognition","{""totalCount"":2}"
"ColorlibHQ/AdminLTE","{""totalCount"":68}"
"ziishaned/learn-regex","{""totalCount"":0}"
"MaximAbramchuck/awesome-interview-questions","{""totalCount"":0}"
"impress/impress.js","{""totalCount"":14}"
"vsouza/awesome-ios","{""totalCount"":0}"
"astaxie/build-web-application-with-golang","{""totalCount"":0}"
"x64dbg/x64dbg","{""totalCount"":3}"
"home-assistant/core","{""totalCount"":643}"
"gogs/gogs","{""totalCount"":58}"
"nodejs/node-v0.x-archive","{""totalCount"":0}"
"cdr/code-server","{""totalCount"":47}"
"v2ray/v2ray-core","{""totalCount"":245}"
"soimort/you-get","{""totalCount"":105}"
"prakhar1989/awesome-courses","{""totalCount"":0}"
"TryGhost/Ghost","{""totalCount"":353}"
"bailicangdu/vue2-elm","{""totalCount"":0}"
"Alamofire/Alamofire","{""totalCount"":81}"
"vercel/hyper","{""totalCount"":64}"
"git/git","{""totalCount"":0}"
"k88hudson/git-flight-rules","{""totalCount"":0}"
"sdmg15/Best-websites-a-programmer-should-visit","{""totalCount"":0}"
"huggingface/transformers","{""totalCount"":34}"
"trimstray/the-book-of-secret-knowledge","{""totalCount"":0}"
"apache/dubbo","{""totalCount"":27}"
"521xueweihan/HelloGitHub","{""totalCount"":9}"
"python/cpython","{""totalCount"":0}"
"JetBrains/kotlin","{""totalCount"":147}"
"godotengine/godot","{""totalCount"":27}"
"Unitech/pm2","{""totalCount"":107}"
"leonardomso/33-js-concepts","{""totalCount"":0}"
"syncthing/syncthing","{""totalCount"":223}"
"AFNetworking/AFNetworking","{""totalCount"":40}"
"prometheus/prometheus","{""totalCount"":157}"
"justjavac/awesome-wechat-weapp","{""totalCount"":0}"
"etcd-io/etcd","{""totalCount"":191}"
"shadowsocks/shadowsocks","{""totalCount"":2}"
"facebook/jest","{""totalCount"":112}""nameWithOwner","releases"
"deepfakes/faceswap","{""totalCount"":3}"
"mozilla/pdf.js","{""totalCount"":34}"
"mermaid-js/mermaid","{""totalCount"":54}"
"adobe/brackets","{""totalCount"":69}"
"gulpjs/gulp","{""totalCount"":22}"
"junegunn/fzf","{""totalCount"":0}"
"PhilJay/MPAndroidChart","{""totalCount"":44}"
"google/material-design-lite","{""totalCount"":14}"
"karan/Projects","{""totalCount"":0}"
"algorithm-visualizer/algorithm-visualizer","{""totalCount"":0}"
"discourse/discourse","{""totalCount"":0}"
"hexojs/hexo","{""totalCount"":98}"
"slatedocs/slate","{""totalCount"":19}"
"styled-components/styled-components","{""totalCount"":106}"
"Solido/awesome-flutter","{""totalCount"":0}"
"BVLC/caffe","{""totalCount"":14}"
"blueimp/jQuery-File-Upload","{""totalCount"":0}"
"alvarotrigo/fullPage.js","{""totalCount"":67}"
"sahat/hackathon-starter","{""totalCount"":13}"
"traefik/traefik","{""totalCount"":307}"
"tiimgreen/github-cheat-sheet","{""totalCount"":0}"
"pixijs/pixi.js","{""totalCount"":113}"
"florinpop17/app-ideas","{""totalCount"":0}"
"XX-net/XX-Net","{""totalCount"":307}"
"shadowsocks/shadowsocks-android","{""totalCount"":167}"
"immutable-js/immutable-js","{""totalCount"":57}"
"nuxt/nuxt.js","{""totalCount"":134}"
"nestjs/nest","{""totalCount"":53}"
"Trinea/android-open-project","{""totalCount"":0}"
"Avik-Jain/100-Days-Of-ML-Code","{""totalCount"":0}"
"apache/incubator-superset","{""totalCount"":14}"
"caddyserver/caddy","{""totalCount"":74}"
"TheAlgorithms/Java","{""totalCount"":0}"
"koajs/koa","{""totalCount"":0}"
"DefinitelyTyped/DefinitelyTyped","{""totalCount"":1}"
"chinese-poetry/chinese-poetry","{""totalCount"":1}"
"bumptech/glide","{""totalCount"":35}"
"fastlane/fastlane","{""totalCount"":459}"
"airbnb/lottie-android","{""totalCount"":26}"
"exacity/deeplearningbook-chinese","{""totalCount"":7}"
"videojs/video.js","{""totalCount"":219}"
"huginn/huginn","{""totalCount"":0}"
"JuliaLang/julia","{""totalCount"":92}"
"zenorocha/clipboard.js","{""totalCount"":37}"
"kamranahmedse/design-patterns-for-humans","{""totalCount"":0}"
"iamkun/dayjs","{""totalCount"":86}"
"strapi/strapi","{""totalCount"":147}"
"Leaflet/Leaflet","{""totalCount"":22}"
"0voice/interview_internal_reference","{""totalCount"":0}"
"foundation/foundation-sites","{""totalCount"":71}"
"testerSunshine/12306","{""totalCount"":1}"
"isocpp/CppCoreGuidelines","{""totalCount"":4}"
"shadowsocks/ShadowsocksX-NG","{""totalCount"":26}"
"tldr-pages/tldr","{""totalCount"":0}"
"floodsung/Deep-Learning-Papers-Reading-Roadmap","{""totalCount"":0}"
"RocketChat/Rocket.Chat","{""totalCount"":400}"
"php/php-src","{""totalCount"":0}"
"photonstorm/phaser","{""totalCount"":100}"
"jondot/awesome-react-native","{""totalCount"":0}"
"Blankj/AndroidUtilCode","{""totalCount"":115}"
"ariya/phantomjs","{""totalCount"":0}"
"lukehoban/es6features","{""totalCount"":0}"
"Homebrew/legacy-homebrew","{""totalCount"":0}"
"jashkenas/backbone","{""totalCount"":0}"
"quilljs/quill","{""totalCount"":82}"
"dypsilon/frontend-dev-bookmarks","{""totalCount"":1}"
"vuetifyjs/vuetify","{""totalCount"":358}"
"grpc/grpc","{""totalCount"":154}"
"tailwindlabs/tailwindcss","{""totalCount"":100}"
"apache/spark","{""totalCount"":0}"
"fffaraz/awesome-cpp","{""totalCount"":0}"
"joshbuchea/HEAD","{""totalCount"":0}"
"binhnguyennus/awesome-scalability","{""totalCount"":0}"
"bilibili/ijkplayer","{""totalCount"":0}"
"open-guides/og-aws","{""totalCount"":0}"
"alex/what-happens-when","{""totalCount"":0}"
"certbot/certbot","{""totalCount"":10}"
"preactjs/preact","{""totalCount"":135}"
"xitu/gold-miner","{""totalCount"":0}"
"codepath/android_guides","{""totalCount"":0}"
"NervJS/taro","{""totalCount"":42}"
"Kong/kong","{""totalCount"":90}"
"apachecn/AiLearning","{""totalCount"":2}"
"tastejs/todomvc","{""totalCount"":5}"
"danielmiessler/SecLists","{""totalCount"":10}"
"ethereum/go-ethereum","{""totalCount"":134}"
"caolan/async","{""totalCount"":7}"
"bayandin/awesome-awesomeness","{""totalCount"":0}"
"pandas-dev/pandas","{""totalCount"":64}"
"ant-design/ant-design-pro","{""totalCount"":19}"
"localstack/localstack","{""totalCount"":18}"
"vuejs/vue-cli","{""totalCount"":135}"
"react-boilerplate/react-boilerplate","{""totalCount"":16}"
"wg/wrk","{""totalCount"":0}"
"zxing/zxing","{""totalCount"":26}"
"akullpp/awesome-java","{""totalCount"":0}"
"getsentry/sentry","{""totalCount"":60}"
"kenwheeler/slick","{""totalCount"":48}"
"faif/python-patterns","{""totalCount"":0}"
"yangshun/front-end-interview-handbook","{""totalCount"":0}""nameWithOwner","releases"
"ngosang/trackerslist","{""totalCount"":0}"
"FiloSottile/mkcert","{""totalCount"":11}"
"shengxinjing/programmer-job-blacklist","{""totalCount"":0}"
"Alvin9999/new-pac","{""totalCount"":0}"
"proxyee-down-org/proxyee-down","{""totalCount"":49}"
"jashkenas/underscore","{""totalCount"":0}"
"dcloudio/uni-app","{""totalCount"":0}"
"jakevdp/PythonDataScienceHandbook","{""totalCount"":0}"
"aosabook/500lines","{""totalCount"":0}"
"JakeWharton/butterknife","{""totalCount"":0}"
"google/styleguide","{""totalCount"":0}"
"3b1b/manim","{""totalCount"":0}"
"carbon-app/carbon","{""totalCount"":186}"
"square/leakcanary","{""totalCount"":24}"
"dylanaraps/pure-bash-bible","{""totalCount"":0}"
"alacritty/alacritty","{""totalCount"":40}"
"crossoverJie/JCSprout","{""totalCount"":0}"
"pingcap/tidb","{""totalCount"":109}"
"Marak/faker.js","{""totalCount"":0}"
"pi-hole/pi-hole","{""totalCount"":61}"
"Tencent/weui","{""totalCount"":19}"
"kon9chunkit/GitHub-Chinese-Top-Charts","{""totalCount"":0}"
"google-research/bert","{""totalCount"":0}"
"astaxie/beego","{""totalCount"":6}"
"iina/iina","{""totalCount"":33}"
"request/request","{""totalCount"":0}"
"nolimits4web/swiper","{""totalCount"":0}"
"madewithml/basics","{""totalCount"":0}"
"vuejs/vuex","{""totalCount"":43}"
"dkhamsing/open-source-ios-apps","{""totalCount"":34}"
"netty/netty","{""totalCount"":0}"
"fzaninotto/Faker","{""totalCount"":11}"
"jiahaog/nativefier","{""totalCount"":42}"
"select2/select2","{""totalCount"":28}"
"formium/formik","{""totalCount"":133}"
"nylas/nylas-mail","{""totalCount"":53}"
"Modernizr/Modernizr","{""totalCount"":18}"
"lerna/lerna","{""totalCount"":168}"
"fighting41love/funNLP","{""totalCount"":0}"
"houshanren/hangzhou_house_knowledge","{""totalCount"":0}"
"standard/standard","{""totalCount"":4}"
"nvie/gitflow","{""totalCount"":0}"
"ZuzooVn/machine-learning-for-software-engineers","{""totalCount"":0}"
"istio/istio","{""totalCount"":159}"
"johnpapa/angular-styleguide","{""totalCount"":0}"
"ziadoz/awesome-php","{""totalCount"":0}"
"fxsjy/jieba","{""totalCount"":9}"
"CSSEGISandData/COVID-19","{""totalCount"":0}"
"rethinkdb/rethinkdb","{""totalCount"":69}"
"mathiasbynens/dotfiles","{""totalCount"":0}"
"github/fetch","{""totalCount"":34}"
"herrbischoff/awesome-macos-command-line","{""totalCount"":0}"
"symfony/symfony","{""totalCount"":252}"
"minio/minio","{""totalCount"":191}"
"freeCodeCamp/devdocs","{""totalCount"":0}"
"composer/composer","{""totalCount"":86}"
"angular/angular-cli","{""totalCount"":313}"
"hashicorp/terraform","{""totalCount"":129}"
"brillout/awesome-react-components","{""totalCount"":0}"
"facebookresearch/Detectron","{""totalCount"":0}"
"ryanoasis/nerd-fonts","{""totalCount"":20}"
"ityouknow/spring-boot-examples","{""totalCount"":0}"
"raywenderlich/swift-algorithm-club","{""totalCount"":0}"
"ocornut/imgui","{""totalCount"":67}"
"date-fns/date-fns","{""totalCount"":82}"
"hoppscotch/hoppscotch","{""totalCount"":8}"
"iview/iview","{""totalCount"":85}"
"serhii-londar/open-source-mac-os-apps","{""totalCount"":0}"
"skylot/jadx","{""totalCount"":13}"
"rclone/rclone","{""totalCount"":70}"
"danielgindi/Charts","{""totalCount"":31}"
"markedjs/marked","{""totalCount"":23}"
"IanLunn/Hover","{""totalCount"":10}"
"alibaba/p3c","{""totalCount"":0}"
"postcss/postcss","{""totalCount"":156}"
"cypress-io/cypress","{""totalCount"":215}"
"transloadit/uppy","{""totalCount"":24}"
"SDWebImage/SDWebImage","{""totalCount"":90}"
"Homebrew/brew","{""totalCount"":159}"
"alibaba/arthas","{""totalCount"":25}"
"elsewhencode/project-guidelines","{""totalCount"":0}"
"unknwon/the-way-to-go_ZH_CN","{""totalCount"":0}"
"MunGell/awesome-for-beginners","{""totalCount"":0}"
"CodeHubApp/CodeHub","{""totalCount"":4}"
"kelseyhightower/kubernetes-the-hard-way","{""totalCount"":0}"
"ReactiveX/rxjs","{""totalCount"":0}"
"GitbookIO/gitbook","{""totalCount"":0}"
"agalwood/Motrix","{""totalCount"":10}"
"greenrobot/EventBus","{""totalCount"":5}"
"eugenp/tutorials","{""totalCount"":0}"
"sequelize/sequelize","{""totalCount"":347}"
"lib-pku/libpku","{""totalCount"":0}"
"SheetJS/sheetjs","{""totalCount"":0}"
"lydiahallie/javascript-questions","{""totalCount"":0}"
"sharkdp/bat","{""totalCount"":26}"
"amix/vimrc","{""totalCount"":0}"
"webtorrent/webtorrent","{""totalCount"":0}"
"cheeriojs/cheerio","{""totalCount"":2}"
"geekcompany/ResumeSample","{""totalCount"":0}"
"VincentGarreau/particles.js","{""totalCount"":6}""nameWithOwner","releases"
"mobxjs/mobx","{""totalCount"":2}"
"sentsin/layui","{""totalCount"":39}"
"alibaba/fastjson","{""totalCount"":79}"
"gitlabhq/gitlabhq","{""totalCount"":0}"
"ctripcorp/apollo","{""totalCount"":27}"
"metabase/metabase","{""totalCount"":122}"
"alibaba/druid","{""totalCount"":35}"
"NationalSecurityAgency/ghidra","{""totalCount"":0}"
"openai/gym","{""totalCount"":5}"
"wagoodman/dive","{""totalCount"":23}"
"harvesthq/chosen","{""totalCount"":34}"
"PowerShell/PowerShell","{""totalCount"":80}"
"laravel/framework","{""totalCount"":299}"
"ajaxorg/ace","{""totalCount"":0}"
"naptha/tesseract.js","{""totalCount"":31}"
"alibaba/flutter-go","{""totalCount"":4}"
"formulahendry/955.WLB","{""totalCount"":0}"
"airbnb/lottie-web","{""totalCount"":0}"
"terryum/awesome-deep-learning-papers","{""totalCount"":0}"
"tabler/tabler","{""totalCount"":7}"
"tootsuite/mastodon","{""totalCount"":144}"
"ycm-core/YouCompleteMe","{""totalCount"":0}"
"CamDavidsonPilon/Probabilistic-Programming-and-Bayesian-Methods-for-Hackers","{""totalCount"":0}"
"obsproject/obs-studio","{""totalCount"":119}"
"drone/drone","{""totalCount"":0}"
"0xAX/linux-insides","{""totalCount"":0}"
"hammerjs/hammer.js","{""totalCount"":0}"
"gorhill/uBlock","{""totalCount"":169}"
"google/leveldb","{""totalCount"":20}"
"VundleVim/Vundle.vim","{""totalCount"":0}"
"facebookresearch/fastText","{""totalCount"":4}"
"rstacruz/nprogress","{""totalCount"":7}"
"StreisandEffect/streisand","{""totalCount"":0}"
"realpython/python-guide","{""totalCount"":0}"
"BurntSushi/ripgrep","{""totalCount"":65}"
"niklasvh/html2canvas","{""totalCount"":28}"
"microsoft/monaco-editor","{""totalCount"":0}"
"emberjs/ember.js","{""totalCount"":346}"
"rapid7/metasploit-framework","{""totalCount"":0}"
"balderdashy/sails","{""totalCount"":39}"
"satwikkansal/wtfpython","{""totalCount"":2}"
"scwang90/SmartRefreshLayout","{""totalCount"":8}"
"Automattic/mongoose","{""totalCount"":5}"
"cmderdev/cmder","{""totalCount"":27}"
"Polymer/polymer","{""totalCount"":115}"
"vim/vim","{""totalCount"":0}"
"koalaman/shellcheck","{""totalCount"":25}"
"akveo/ngx-admin","{""totalCount"":16}"
"remy/nodemon","{""totalCount"":70}"
"go-gitea/gitea","{""totalCount"":97}"
"FFmpeg/FFmpeg","{""totalCount"":11}"
"heartcombo/devise","{""totalCount"":14}"
"codemirror/CodeMirror","{""totalCount"":134}"
"pure-css/pure","{""totalCount"":19}"
"fouber/blog","{""totalCount"":0}"
"ageron/handson-ml","{""totalCount"":0}"
"sorrycc/awesome-javascript","{""totalCount"":0}"
"tiangolo/fastapi","{""totalCount"":96}"
"t4t5/sweetalert","{""totalCount"":13}"
"pypa/pipenv","{""totalCount"":12}"
"SortableJS/Sortable","{""totalCount"":21}"
"JedWatson/react-select","{""totalCount"":12}"
"facebook/flow","{""totalCount"":183}"
"aria2/aria2","{""totalCount"":22}"
"typeorm/typeorm","{""totalCount"":0}"
"ggreer/the_silver_searcher","{""totalCount"":0}"
"redux-saga/redux-saga","{""totalCount"":50}"
"littlecodersh/ItChat","{""totalCount"":13}"
"donnemartin/interactive-coding-challenges","{""totalCount"":0}"
"kahun/awesome-sysadmin","{""totalCount"":0}"
"CymChad/BaseRecyclerViewAdapterHelper","{""totalCount"":191}"
"go-gorm/gorm","{""totalCount"":1}"
"GoogleChrome/lighthouse","{""totalCount"":59}"
"atlassian/react-beautiful-dnd","{""totalCount"":66}"
"hankcs/HanLP","{""totalCount"":50}"
"pyenv/pyenv","{""totalCount"":28}"
"docker/compose","{""totalCount"":138}"
"Tencent/wepy","{""totalCount"":8}"
"syl20bnr/spacemacs","{""totalCount"":158}"
"hashicorp/vagrant","{""totalCount"":0}"
"junegunn/vim-plug","{""totalCount"":4}"
"ovity/octotree","{""totalCount"":0}"
"Advanced-Frontend/Daily-Interview-Question","{""totalCount"":0}"
"goabstract/Awesome-Design-Tools","{""totalCount"":0}"
"airbnb/lottie-ios","{""totalCount"":39}"
"dimsemenov/PhotoSwipe","{""totalCount"":11}"
"kriasoft/react-starter-kit","{""totalCount"":5}"
"sindresorhus/awesome-electron","{""totalCount"":0}"
"typicode/husky","{""totalCount"":34}"
"jgm/pandoc","{""totalCount"":81}"
"angular/components","{""totalCount"":153}"
"Netflix/Hystrix","{""totalCount"":79}"
"nlohmann/json","{""totalCount"":34}"
"github/hub","{""totalCount"":60}"
"mbeaudru/modern-js-cheatsheet","{""totalCount"":0}"
"microsoft/calculator","{""totalCount"":0}"
"FezVrasta/bootstrap-material-design","{""totalCount"":28}"
"powerline/fonts","{""totalCount"":1}"
"hashicorp/consul","{""totalCount"":17}"
"google/iosched","{""totalCount"":2}""nameWithOwner","releases"
"alebcay/awesome-shell","{""totalCount"":0}"
"bevacqua/dragula","{""totalCount"":0}"
"reduxjs/react-redux","{""totalCount"":91}"
"Meituan-Dianping/mpvue","{""totalCount"":19}"
"mqyqingfeng/Blog","{""totalCount"":0}"
"SwiftyJSON/SwiftyJSON","{""totalCount"":21}"
"bvaughn/react-virtualized","{""totalCount"":3}"
"jobbole/awesome-python-cn","{""totalCount"":0}"
"mitmproxy/mitmproxy","{""totalCount"":34}"
"MrRio/jsPDF","{""totalCount"":26}"
"iptv-org/iptv","{""totalCount"":0}"
"guzzle/guzzle","{""totalCount"":39}"
"ReactiveCocoa/ReactiveCocoa","{""totalCount"":78}"
"facebookarchive/pop","{""totalCount"":3}"
"mochajs/mocha","{""totalCount"":55}"
"bradtraversy/design-resources-for-developers","{""totalCount"":0}"
"dmlc/xgboost","{""totalCount"":26}"
"iperov/DeepFaceLab","{""totalCount"":2}"
"googlehosts/hosts","{""totalCount"":0}"
"dokku/dokku","{""totalCount"":166}"
"Reactive-Extensions/RxJS","{""totalCount"":34}"
"matteocrippa/awesome-swift","{""totalCount"":0}"
"markerikson/react-redux-links","{""totalCount"":0}"
"SwiftGGTeam/the-swift-programming-language-in-chinese","{""totalCount"":1}"
"emscripten-core/emscripten","{""totalCount"":0}"
"byoungd/English-level-up-tips-for-Chinese","{""totalCount"":0}"
"railsware/upterm","{""totalCount"":187}"
"influxdata/influxdb","{""totalCount"":42}"
"pugjs/pug","{""totalCount"":17}"
"ColorlibHQ/gentelella","{""totalCount"":7}"
"usablica/intro.js","{""totalCount"":18}"
"donnemartin/data-science-ipython-notebooks","{""totalCount"":0}"
"jgraph/drawio","{""totalCount"":447}"
"BradLarson/GPUImage","{""totalCount"":3}"
"ramda/ramda","{""totalCount"":24}"
"CorentinJ/Real-Time-Voice-Cloning","{""totalCount"":0}"
"fastai/fastai","{""totalCount"":4}"
"paularmstrong/normalizr","{""totalCount"":24}"
"tornadoweb/tornado","{""totalCount"":0}"
"vapor/vapor","{""totalCount"":352}"
"julycoding/The-Art-Of-Programming-By-July","{""totalCount"":0}"
"react-native-elements/react-native-elements","{""totalCount"":63}"
"chubin/cheat.sh","{""totalCount"":0}"
"nagadomi/waifu2x","{""totalCount"":3}"
"petkaantonov/bluebird","{""totalCount"":123}"
"doczjs/docz","{""totalCount"":126}"
"FallibleInc/security-guide-for-developers","{""totalCount"":0}"
"lukasz-madon/awesome-remote-job","{""totalCount"":0}"
"nefe/You-Dont-Need-jQuery","{""totalCount"":1}"
"trailofbits/algo","{""totalCount"":2}"
"inconshreveable/ngrok","{""totalCount"":0}"
"dotnet/aspnetcore","{""totalCount"":93}"
"pcottle/learnGitBranching","{""totalCount"":0}"
"tipsy/profile-summary-for-github","{""totalCount"":0}"
"wsargent/docker-cheat-sheet","{""totalCount"":0}"
"futurice/android-best-practices","{""totalCount"":0}"
"ReactiveX/RxAndroid","{""totalCount"":18}"
"acmesh-official/acme.sh","{""totalCount"":29}"
"ReactiveX/RxSwift","{""totalCount"":64}"
"kubernetes/minikube","{""totalCount"":100}"
"enzymejs/enzyme","{""totalCount"":0}"
"facebook/docusaurus","{""totalCount"":84}"
"domnikl/DesignPatternsPHP","{""totalCount"":0}"
"jlmakes/scrollreveal","{""totalCount"":0}"
"SamyPesse/How-to-Make-a-Computer-Operating-System","{""totalCount"":1}"
"NativeScript/NativeScript","{""totalCount"":69}"
"kataras/iris","{""totalCount"":14}"
"apache/incubator-mxnet","{""totalCount"":22}"
"cockroachdb/cockroach","{""totalCount"":0}"
"mattermost/mattermost-server","{""totalCount"":210}"
"HeroTransitions/Hero","{""totalCount"":35}"
"rollup/rollup","{""totalCount"":209}"
"QSCTech/zju-icicles","{""totalCount"":0}"
"tmux/tmux","{""totalCount"":30}"
"facebook/draft-js","{""totalCount"":26}"
"feathericons/feather","{""totalCount"":50}"
"postcss/autoprefixer","{""totalCount"":156}"
"chenglou/react-motion","{""totalCount"":4}"
"encode/django-rest-framework","{""totalCount"":13}"
"MostlyAdequate/mostly-adequate-guide","{""totalCount"":0}"
"react-navigation/react-navigation","{""totalCount"":540}"
"pjreddie/darknet","{""totalCount"":0}"
"OAI/OpenAPI-Specification","{""totalCount"":8}"
"odoo/odoo","{""totalCount"":0}"
"cfenollosa/os-tutorial","{""totalCount"":0}"
"tj/commander.js","{""totalCount"":47}"
"d2l-ai/d2l-zh","{""totalCount"":10}"
"geekcomputers/Python","{""totalCount"":0}"
"balena-io/etcher","{""totalCount"":133}"
"SeleniumHQ/selenium","{""totalCount"":27}"
"AobingJava/JavaFamily","{""totalCount"":0}"
"hasura/graphql-engine","{""totalCount"":78}"
"denysdovhan/wtfjs","{""totalCount"":0}"
"vlang/v","{""totalCount"":25}"
"JohnCoates/Aerial","{""totalCount"":135}"
"fengdu78/Coursera-ML-AndrewNg-Notes","{""totalCount"":0}"
"ruanyf/es6tutorial","{""totalCount"":0}"
"mongodb/mongo","{""totalCount"":0}"
"segmentio/nightmare","{""totalCount"":1}"
"CMU-Perceptual-Computing-Lab/openpose","{""totalCount"":14}""nameWithOwner","releases"
"google/web-starter-kit","{""totalCount"":14}"
"ianstormtaylor/slate","{""totalCount"":18}"
"google/gson","{""totalCount"":0}"
"lenve/vhr","{""totalCount"":0}"
"bannedbook/fanqiang","{""totalCount"":12}"
"spf13/cobra","{""totalCount"":8}"
"veggiemonk/awesome-docker","{""totalCount"":1}"
"Prinzhorn/skrollr","{""totalCount"":0}"
"bilibili/flv.js","{""totalCount"":12}"
"swagger-api/swagger-ui","{""totalCount"":162}"
"verekia/js-stack-from-scratch","{""totalCount"":1}"
"nsqio/nsq","{""totalCount"":29}"
"openfaas/faas","{""totalCount"":128}"
"android/architecture-components-samples","{""totalCount"":0}"
"xi-editor/xi-editor","{""totalCount"":0}"
"react-bootstrap/react-bootstrap","{""totalCount"":4}"
"ftlabs/fastclick","{""totalCount"":3}"
"avajs/ava","{""totalCount"":75}"
"vuejs/vue-devtools","{""totalCount"":35}"
"Wox-launcher/Wox","{""totalCount"":38}"
"apache/airflow","{""totalCount"":18}"
"pmndrs/react-spring","{""totalCount"":4}"
"sqlmapproject/sqlmap","{""totalCount"":5}"
"poteto/hiring-without-whiteboards","{""totalCount"":0}"
"afollestad/material-dialogs","{""totalCount"":92}"
"labstack/echo","{""totalCount"":79}"
"jorgebucaran/hyperapp","{""totalCount"":26}"
"curl/curl","{""totalCount"":47}"
"ipfs/ipfs","{""totalCount"":0}"
"bcit-ci/CodeIgniter","{""totalCount"":0}"
"sampotts/plyr","{""totalCount"":69}"
"komeiji-satori/Dress","{""totalCount"":0}"
"yunjey/pytorch-tutorial","{""totalCount"":0}"
"jamiebuilds/the-super-tiny-compiler","{""totalCount"":0}"
"go-kit/kit","{""totalCount"":10}"
"golang-standards/project-layout","{""totalCount"":0}"
"helm/helm","{""totalCount"":121}"
"jaredhanson/passport","{""totalCount"":0}"
"dotnet/corefx","{""totalCount"":92}"
"felixrieseberg/windows95","{""totalCount"":11}"
"mbadolato/iTerm2-Color-Schemes","{""totalCount"":0}"
"psf/black","{""totalCount"":4}"
"keon/algorithms","{""totalCount"":0}"
"Seldaek/monolog","{""totalCount"":40}"
"hashicorp/vault","{""totalCount"":0}"
"immerjs/immer","{""totalCount"":69}"
"parse-community/parse-server","{""totalCount"":77}"
"Popmotion/popmotion","{""totalCount"":0}"
"SnapKit/Masonry","{""totalCount"":1}"
"xkcoding/spring-boot-demo","{""totalCount"":0}"
"dhg/Skeleton","{""totalCount"":6}"
"laurent22/joplin","{""totalCount"":147}"
"YMFE/yapi","{""totalCount"":0}"
"davideuler/architecture.of.internet-product","{""totalCount"":0}"
"localForage/localForage","{""totalCount"":25}"
"viatsko/awesome-vscode","{""totalCount"":0}"
"stedolan/jq","{""totalCount"":9}"
"matterport/Mask_RCNN","{""totalCount"":3}"
"facebook/rocksdb","{""totalCount"":125}"
"ruanyf/jstraining","{""totalCount"":0}"
"servo/servo","{""totalCount"":0}"
"google/python-fire","{""totalCount"":7}"
"jcjohnson/neural-style","{""totalCount"":0}"
"square/picasso","{""totalCount"":7}"
"lovell/sharp","{""totalCount"":29}"
"alibaba/weex","{""totalCount"":6}"
"Homebrew/homebrew-cask","{""totalCount"":81}"
"yeasy/docker_practice","{""totalCount"":13}"
"libgdx/libgdx","{""totalCount"":4}"
"tobiasahlin/SpinKit","{""totalCount"":9}"
"elixir-lang/elixir","{""totalCount"":103}"
"vuejs/vuepress","{""totalCount"":11}"
"typescript-cheatsheets/react","{""totalCount"":0}"
"necolas/react-native-web","{""totalCount"":15}"
"TeamStuQ/skill-map","{""totalCount"":2}"
"kilimchoi/engineering-blogs","{""totalCount"":0}"
"jesseduffield/lazygit","{""totalCount"":98}"
"ruby/ruby","{""totalCount"":0}"
"jhipster/generator-jhipster","{""totalCount"":4}"
"getredash/redash","{""totalCount"":95}"
"airyland/vux","{""totalCount"":78}"
"drduh/macOS-Security-and-Privacy-Guide","{""totalCount"":0}"
"seata/seata","{""totalCount"":28}"
"nikitavoloboev/my-mac-os","{""totalCount"":0}"
"explosion/spaCy","{""totalCount"":68}"
"npm/npm","{""totalCount"":261}"
"google/googletest","{""totalCount"":2}"
"reduxjs/reselect","{""totalCount"":22}"
"goldfire/howler.js","{""totalCount"":21}"
"osquery/osquery","{""totalCount"":105}"
"chrisbanes/PhotoView","{""totalCount"":5}"
"BoostIO/Boostnote","{""totalCount"":15}"
"eslint/eslint","{""totalCount"":220}"
"commaai/openpilot","{""totalCount"":24}"
"geekxh/hello-algorithm","{""totalCount"":0}"
"hollischuang/toBeTopJavaer","{""totalCount"":0}"
"benweet/stackedit","{""totalCount"":13}"
"zhaoolee/ChromeAppHeroes","{""totalCount"":0}"
"highlightjs/highlight.js","{""totalCount"":8}"
"vuejs/vue-router","{""totalCount"":73}""nameWithOwner","releases"
"ApolloAuto/apollo","{""totalCount"":8}"
"rwaldron/idiomatic.js","{""totalCount"":0}"
"Binaryify/NeteaseCloudMusicApi","{""totalCount"":95}"
"rust-unofficial/awesome-rust","{""totalCount"":0}"
"prisma/prisma1","{""totalCount"":181}"
"gfwlist/gfwlist","{""totalCount"":0}"
"kelthuzadx/hosts","{""totalCount"":2}"
"alibaba/easyexcel","{""totalCount"":1}"
"qiurunze123/miaosha","{""totalCount"":0}"
"microsoft/CNTK","{""totalCount"":32}"
"apache/kafka","{""totalCount"":0}"
"facebook/flux","{""totalCount"":0}"
"SnapKit/SnapKit","{""totalCount"":11}"
"marktext/marktext","{""totalCount"":31}"
"nicolargo/glances","{""totalCount"":20}"
"fabricjs/fabric.js","{""totalCount"":105}"
"eriklindernoren/ML-From-Scratch","{""totalCount"":0}"
"julianshapiro/velocity","{""totalCount"":18}"
"nostra13/Android-Universal-Image-Loader","{""totalCount"":0}"
"git-tips/tips","{""totalCount"":0}"
"palantir/blueprint","{""totalCount"":110}"
"wuyouzhuguli/SpringAll","{""totalCount"":0}"
"onevcat/Kingfisher","{""totalCount"":136}"
"defunkt/jquery-pjax","{""totalCount"":11}"
"graphql/graphql-js","{""totalCount"":111}"
"sebastianruder/NLP-progress","{""totalCount"":3}"
"facebook/hhvm","{""totalCount"":15}"
"halo-dev/halo","{""totalCount"":56}"
"wekan/wekan","{""totalCount"":144}"
"adobe-fonts/source-code-pro","{""totalCount"":11}"
"angular/material","{""totalCount"":11}"
"uglide/RedisDesktopManager","{""totalCount"":64}"
"sebastianbergmann/phpunit","{""totalCount"":0}"
"InterviewMap/CS-Interview-Knowledge-Map","{""totalCount"":0}"
"Micropoor/Micro8","{""totalCount"":0}"
"swisskyrepo/PayloadsAllTheThings","{""totalCount"":1}"
"wenyan-lang/wenyan","{""totalCount"":13}"
"judasn/IntelliJ-IDEA-Tutorial","{""totalCount"":0}"
"wangzheng0822/algo","{""totalCount"":0}"
"microsoft/playwright","{""totalCount"":20}"
"vercel/pkg","{""totalCount"":22}"
"less/less.js","{""totalCount"":29}"
"facebook/fresco","{""totalCount"":42}"
"google/ExoPlayer","{""totalCount"":2}"
"js-cookie/js-cookie","{""totalCount"":29}"
"uikit/uikit","{""totalCount"":168}"
"validatorjs/validator.js","{""totalCount"":5}"
"notable/notable","{""totalCount"":20}"
"quasarframework/quasar","{""totalCount"":342}"
"microsoft/api-guidelines","{""totalCount"":0}"
"jesseduffield/lazydocker","{""totalCount"":25}"
"twitter/typeahead.js","{""totalCount"":0}"
"JacksonTian/fks","{""totalCount"":0}"
"jenkinsci/jenkins","{""totalCount"":61}"
"reactnativecn/react-native-guide","{""totalCount"":0}"
"StevenBlack/hosts","{""totalCount"":267}"
"eggjs/egg","{""totalCount"":77}"
"winstonjs/winston","{""totalCount"":4}"
"mojs/mojs","{""totalCount"":14}"
"swoole/swoole-src","{""totalCount"":194}"
"ElemeFE/mint-ui","{""totalCount"":11}"
"HelloZeroNet/ZeroNet","{""totalCount"":22}"
"datasciencemasters/go","{""totalCount"":0}"
"nosir/cleave.js","{""totalCount"":66}"
"portainer/portainer","{""totalCount"":74}"
"sirupsen/logrus","{""totalCount"":9}"
"v8/v8","{""totalCount"":0}"
"google/flexbox-layout","{""totalCount"":24}"
"jtoy/awesome-tensorflow","{""totalCount"":0}"
"alsotang/node-lessons","{""totalCount"":0}"
"1c7/chinese-independent-developer","{""totalCount"":0}"
"ChristosChristofidis/awesome-deep-learning","{""totalCount"":0}"
"libuv/libuv","{""totalCount"":0}"
"mysqljs/mysql","{""totalCount"":0}"
"Kotlin/anko","{""totalCount"":26}"
"tqdm/tqdm","{""totalCount"":89}"
"FelisCatus/SwitchyOmega","{""totalCount"":51}"
"celery/celery","{""totalCount"":10}"
"GitSquared/edex-ui","{""totalCount"":23}"
"MLEveryday/100-Days-Of-ML-Code","{""totalCount"":0}"
"popperjs/popper-core","{""totalCount"":123}"
"fastify/fastify","{""totalCount"":155}"
"0xd4d/dnSpy","{""totalCount"":2}"
"jdg/MBProgressHUD","{""totalCount"":0}"
"electron-react-boilerplate/electron-react-boilerplate","{""totalCount"":42}"
"framework7io/framework7","{""totalCount"":142}"
"alibaba/canal","{""totalCount"":20}"
"android/plaid","{""totalCount"":0}"
"sideway/joi","{""totalCount"":0}"
"vuejs/vue-next","{""totalCount"":50}"
"phoenixframework/phoenix","{""totalCount"":20}"
"hubotio/hubot","{""totalCount"":9}"
"dwmkerr/hacker-laws","{""totalCount"":0}"
"magenta/magenta","{""totalCount"":47}"
"jashkenas/coffeescript","{""totalCount"":0}"
"alibaba/ice","{""totalCount"":17}"
"shuzheng/zheng","{""totalCount"":0}"
"facebook/folly","{""totalCount"":4}"
"n0shake/Public-APIs","{""totalCount"":0}"
"alibaba/spring-cloud-alibaba","{""totalCount"":13}""nameWithOwner","releases"
"xuxueli/xxl-job","{""totalCount"":29}"
"looly/hutool","{""totalCount"":65}"
"fish-shell/fish-shell","{""totalCount"":28}"
"handlebars-lang/handlebars.js","{""totalCount"":0}"
"PHPMailer/PHPMailer","{""totalCount"":42}"
"didi/DoraemonKit","{""totalCount"":3}"
"basecamp/trix","{""totalCount"":29}"
"reddit-archive/reddit","{""totalCount"":0}"
"viraptor/reverse-interview","{""totalCount"":0}"
"gto76/python-cheatsheet","{""totalCount"":0}"
"streamich/react-use","{""totalCount"":229}"
"homebridge/homebridge","{""totalCount"":14}"
"jamiebuilds/react-loadable","{""totalCount"":0}"
"iissnan/hexo-theme-next","{""totalCount"":18}"
"microsoft/MS-DOS","{""totalCount"":0}"
"rubocop-hq/ruby-style-guide","{""totalCount"":0}"
"nuysoft/Mock","{""totalCount"":14}"
"tsenart/vegeta","{""totalCount"":62}"
"bazelbuild/bazel","{""totalCount"":91}"
"statsd/statsd","{""totalCount"":0}"
"visionmedia/superagent","{""totalCount"":65}"
"Eugeny/terminus","{""totalCount"":105}"
"Tencent/tinker","{""totalCount"":32}"
"ruanyf/react-demos","{""totalCount"":0}"
"reduxjs/redux-thunk","{""totalCount"":12}"
"sindresorhus/quick-look-plugins","{""totalCount"":0}"
"Awesome-HarmonyOS/HarmonyOS","{""totalCount"":0}"
"dotnet-architecture/eShopOnContainers","{""totalCount"":7}"
"Developer-Y/cs-video-courses","{""totalCount"":0}"
"nostalgic-css/NES.css","{""totalCount"":7}"
"rancher/rancher","{""totalCount"":577}"
"ipader/SwiftGuide","{""totalCount"":0}"
"google/eng-practices","{""totalCount"":0}"
"enyo/dropzone","{""totalCount"":32}"
"crystal-lang/crystal","{""totalCount"":83}"
"mxgmn/WaveFunctionCollapse","{""totalCount"":0}"
"bower/bower","{""totalCount"":36}"
"mozilla/DeepSpeech","{""totalCount"":96}"
"dennybritz/reinforcement-learning","{""totalCount"":0}"
"iview/iview-admin","{""totalCount"":30}"
"libra/libra","{""totalCount"":0}"
"dvajs/dva","{""totalCount"":35}"
"chalk/chalk","{""totalCount"":18}"
"docsifyjs/docsify","{""totalCount"":9}"
"jeromeetienne/AR.js","{""totalCount"":0}"
"PKUanonym/REKCARC-TSC-UHT","{""totalCount"":0}"
"google/flatbuffers","{""totalCount"":17}"
"dbeaver/dbeaver","{""totalCount"":111}"
"zhangdaiscott/jeecg-boot","{""totalCount"":9}"
"chaozh/awesome-blockchain-cn","{""totalCount"":0}"
"eligrey/FileSaver.js","{""totalCount"":14}"
"shieldfy/API-Security-Checklist","{""totalCount"":0}"
"zyedidia/micro","{""totalCount"":29}"
"HubSpot/pace","{""totalCount"":23}"
"youzan/vant","{""totalCount"":31}"
"facebook/relay","{""totalCount"":57}"
"jasmine/jasmine","{""totalCount"":40}"
"sharkdp/fd","{""totalCount"":23}"
"joewalnes/websocketd","{""totalCount"":6}"
"desandro/masonry","{""totalCount"":22}"
"forem/forem","{""totalCount"":0}"
"datawhalechina/pumpkin-book","{""totalCount"":2}"
"material-components/material-components-web","{""totalCount"":4}"
"CarGuo/GSYVideoPlayer","{""totalCount"":19}"
"numpy/numpy","{""totalCount"":57}"
"kriskowal/q","{""totalCount"":0}"
"zziz/pwc","{""totalCount"":0}"
"instillai/TensorFlow-Course","{""totalCount"":1}"
"wagerfield/parallax","{""totalCount"":11}"
"cjbarber/ToolsOfTheTrade","{""totalCount"":0}"
"elastic/kibana","{""totalCount"":33}"
"websockets/ws","{""totalCount"":60}"
"leereilly/games","{""totalCount"":0}"
"recharts/recharts","{""totalCount"":0}"
"madrobby/zepto","{""totalCount"":18}"
"PostgREST/postgrest","{""totalCount"":27}"
"Tencent/mars","{""totalCount"":6}"
"keystonejs/keystone-classic","{""totalCount"":16}"
"adam-golab/react-developer-roadmap","{""totalCount"":0}"
"designmodo/Flat-UI","{""totalCount"":1}"
"DrKLO/Telegram","{""totalCount"":32}"
"svg/svgo","{""totalCount"":34}"
"ionic-team/ionicons","{""totalCount"":30}"
"zsh-users/zsh-autosuggestions","{""totalCount"":0}"
"yabwe/medium-editor","{""totalCount"":149}"
"sherlock-project/sherlock","{""totalCount"":0}"
"oxford-cs-deepnlp-2017/lectures","{""totalCount"":0}"
"apollographql/apollo-client","{""totalCount"":5}"
"briannesbitt/Carbon","{""totalCount"":164}"
"jsdom/jsdom","{""totalCount"":21}"
"envoyproxy/envoy","{""totalCount"":34}"
"AllThingsSmitty/css-protips","{""totalCount"":0}"
"cocos2d/cocos2d-x","{""totalCount"":0}"
"limetext/lime","{""totalCount"":0}"
"apache/skywalking","{""totalCount"":40}"
"nswbmw/N-blog","{""totalCount"":0}"
"SpaceVim/SpaceVim","{""totalCount"":16}"
"ccxt/ccxt","{""totalCount"":0}"
"angular-ui/bootstrap","{""totalCount"":5}"
"acdlite/recompose","{""totalCount"":42}""nameWithOwner","releases"
"charlax/professional-programming","{""totalCount"":0}"
"binux/pyspider","{""totalCount"":13}"
"go-delve/delve","{""totalCount"":8}"
"spf13/spf13-vim","{""totalCount"":0}"
"altercation/solarized","{""totalCount"":0}"
"hackiftekhar/IQKeyboardManager","{""totalCount"":75}"
"Shopify/draggable","{""totalCount"":11}"
"vadimdemedes/ink","{""totalCount"":37}"
"kdeldycke/awesome-falsehood","{""totalCount"":0}"
"airbnb/react-sketchapp","{""totalCount"":28}"
"rough-stuff/rough","{""totalCount"":15}"
"pubkey/rxdb","{""totalCount"":54}"
"android10/Android-CleanArchitecture","{""totalCount"":0}"
"infernojs/inferno","{""totalCount"":159}"
"hzlzh/Best-App","{""totalCount"":0}"
"huihut/interview","{""totalCount"":0}"
"urfave/cli","{""totalCount"":21}"
"Kong/insomnia","{""totalCount"":130}"
"trekhleb/homemade-machine-learning","{""totalCount"":0}"
"Awesome-Windows/Awesome","{""totalCount"":0}"
"yudai/gotty","{""totalCount"":16}"
"twbs/ratchet","{""totalCount"":4}"
"dotnet/core","{""totalCount"":110}"
"ipython/ipython","{""totalCount"":28}"
"helm/charts","{""totalCount"":0}"
"hwdsl2/setup-ipsec-vpn","{""totalCount"":0}"
"react-dnd/react-dnd","{""totalCount"":124}"
"redisson/redisson","{""totalCount"":85}"
"riot/riot","{""totalCount"":67}"
"braydie/HowToBeAProgrammer","{""totalCount"":0}"
"WordPress/WordPress","{""totalCount"":0}"
"2dust/v2rayN","{""totalCount"":49}"
"mybatis/mybatis-3","{""totalCount"":32}"
"tj/git-extras","{""totalCount"":15}"
"dianping/cat","{""totalCount"":0}"
"GeekyAnts/NativeBase","{""totalCount"":85}"
"electronicarts/CnC_Remastered_Collection","{""totalCount"":0}"
"luong-komorebi/Awesome-Linux-Software","{""totalCount"":0}"
"vim-airline/vim-airline","{""totalCount"":11}"
"micro/go-micro","{""totalCount"":85}"
"handsontable/handsontable","{""totalCount"":175}"
"linlinjava/litemall","{""totalCount"":7}"
"getlantern/download","{""totalCount"":0}"
"react-hook-form/react-hook-form","{""totalCount"":284}"
"rancher/k3s","{""totalCount"":129}"
"toml-lang/toml","{""totalCount"":7}"
"facebook/prepack","{""totalCount"":43}"
"forezp/SpringCloudLearning","{""totalCount"":0}"
"apache/flink","{""totalCount"":0}"
"academic/awesome-datascience","{""totalCount"":0}"
"pytorch/examples","{""totalCount"":0}"
"alibaba/nacos","{""totalCount"":29}"
"menzi11/BullshitGenerator","{""totalCount"":0}"
"aFarkas/lazysizes","{""totalCount"":93}"
"preservim/nerdtree","{""totalCount"":0}"
"deezer/spleeter","{""totalCount"":1}"
"marmelab/react-admin","{""totalCount"":151}"
"huge-success/sanic","{""totalCount"":30}"
"janl/mustache.js","{""totalCount"":15}"
"realm/realm-cocoa","{""totalCount"":162}"
"philc/vimium","{""totalCount"":0}"
"css-modules/css-modules","{""totalCount"":0}"
"norvig/pytudes","{""totalCount"":0}"
"bitcoinbook/bitcoinbook","{""totalCount"":3}"
"bokeh/bokeh","{""totalCount"":0}"
"dgraph-io/dgraph","{""totalCount"":78}"
"typicode/lowdb","{""totalCount"":21}"
"nfl/react-helmet","{""totalCount"":3}"
"fbsamples/f8app","{""totalCount"":0}"
"Carthage/Carthage","{""totalCount"":72}"
"tensorflow/tfjs","{""totalCount"":31}"
"wangshub/wechat_jump_game","{""totalCount"":2}"
"michalsnik/aos","{""totalCount"":0}"
"processing/p5.js","{""totalCount"":73}"
"jumpserver/jumpserver","{""totalCount"":42}"
"fivethirtyeight/data","{""totalCount"":0}"
"oblador/react-native-vector-icons","{""totalCount"":58}"
"ehang-io/nps","{""totalCount"":57}"
"DIYgod/RSSHub","{""totalCount"":235}"
"yaronn/blessed-contrib","{""totalCount"":0}"
"realm/SwiftLint","{""totalCount"":78}"
"haoel/leetcode","{""totalCount"":0}"
"angular-ui/ui-router","{""totalCount"":57}"
"facert/awesome-spider","{""totalCount"":0}"
"PerfectlySoft/Perfect","{""totalCount"":1}"
"ShareX/ShareX","{""totalCount"":66}"
"openssl/openssl","{""totalCount"":0}"
"locustio/locust","{""totalCount"":33}"
"ampproject/amphtml","{""totalCount"":549}"
"jitsi/jitsi-meet","{""totalCount"":21}"
"apache/incubator-weex","{""totalCount"":5}"
"cool-RR/PySnooper","{""totalCount"":0}"
"winterbe/java8-tutorial","{""totalCount"":0}"
"hemanth/functional-programming-jargon","{""totalCount"":0}"
"MengTo/Spring","{""totalCount"":0}"
"nginx-proxy/nginx-proxy","{""totalCount"":0}"
"LingCoder/OnJava8","{""totalCount"":0}"
"brettwooldridge/HikariCP","{""totalCount"":0}"
"spotify/luigi","{""totalCount"":49}"
"alibaba/Sentinel","{""totalCount"":16}"